first_name,middle_name,last_name,house_number,street_address,city,state,zip_code,ZEST_KEY
Gabe,,Plumer,782, Frenchtown Road,Milford,NJ,08848,2
Ari,,Bernstein,500, West Crescent Avenue,Allendale,NJ,07401,4
David,J.,Mclaughlin,125, Corlies Avenue,Allenhurst,NJ,07711-1049,5
Thomas,C.,Fritts,8, North Main Street,Allentown,NJ,08501-1607,6
P.,,McCkelvey,49, South Greenwich Street,Alloway,NJ,08001-0425,7
Craig,S.,Dunwell,1001, East Boulevard,Alpha,NJ,08865,8
Paul,,Tomasko,100, Church Street,Alpine,NJ,07620-1095,9
John,M.,Morgan,137, Main Street,Andover,NJ,07821,10
Michael,,Lensak,134, Newton-Sparta Road,Newton,NJ,07860-2746,11
Loretta,,Gluckstein,100, First Avenue,Atlantic Highlands,NJ,07716-2913,14
Lawrence,E.,Pennock,20, Road C,Audubon Park,NJ,08106,16
Martin,,Pagliughi,3100, Dune Drive,Avalon,NJ,08202-1706,17
Edward,R.,Bonanno,301, Main Street,Avon,NJ,07717-1013,18
Alfonso,,Cirulli,900, West Bay Avenue,Barnegat,NJ,08005-1298,20
Patti,,Harris,229, Trenton Avenue,Barrington,NJ,08007,21
William,W.,Curtis,81, Bridge Avenue (Rear),Bay Head,NJ,08742,23
Colleen,,Lambert,300, Engleside Avenue,Beach Haven,NJ,08008,25
Ronald,F.,Roma,1600, Pinewald Road,Beachwood,NJ,08722,26
Michael,,Melham,152, Washington Avenue,Belleville,NJ,07109,28
Charles,J.,III,21, East Browning Road,Bellmawr,NJ,08099-0368,29
Mark,,Walsifer,601, Main Street,Belmar,NJ,07719,30
Joseph,,Kennedy,691, Water Street,Belvidere,NJ,07823-1321,31
Arvin,,Amatorio,198, North Washington Avenue,Bergenfield,NJ,07621,32
Angie,D.,Devanney,29, Park Avenue,Berkeley Heights,NJ,07922,33
Carmen,F.,Amaot,627, Pinewald Keswick Road,Bayville,NJ,08721-2778,34
Rick,,Miller,59, South White Horse Pike,Berlin,NJ,08009,35
Phyllis,A.,Magazzu,135, South,West Berlin,NJ,08091-3754,36
Paul,,Muir,405, Mine Road,Asbury,NJ,08802,39
Randy,,Miller,446, Broad Street,Beverly,NJ,08010-1546,40
Rob,,Moorhead,12, Mohican Road,Blairstown,NJ,07825-9624,41
Jonathan,,Dunleavy,101, Hamburg Turnpike,Bloomingdale,NJ,07403-1236,43
Vicky,,Papics,91, Brunswick Avenue,Bloomsbury,NJ,08804,44
Christopher,,Kelemen,375, Larch Avenue,Bogota,NJ,07603-1099,45
Richard,J.,Corcoran,100, Washington Street,Boonton,NJ,07005,46
Paul,,Allieri,155, Powerville Road,Boonton Township,NJ,07005,47
Robert,P.,Fazen,230, Hamilton Street,Bound Brook,NJ,08805-2017,50
Larry,,Fox,701, Main Street,Bradley Beach,NJ,07720,51
James,,Schworn,1077, Route ,Branchburg,NJ,08876-3924,52
John,,Ducey,401, Chambers Bridge Road,Brick,NJ,08723-2807,54
Albert,B.,Kelly,181, East Commerce Street,Bridgeton,NJ,08302-2646,55
Matthew,C.,Moench,100, Commons Way,Bridgewater,NJ,08807-2801,56
Thomas,,Nicol,601, Union Lane,Brielle,NJ,08730-1448,57
Andrew,,Simpson,1417, West Brigantine Avenue,Brigantine,NJ,08203-2147,58
Theresa,,Branella,301, Christiana Street,Brooklawn,NJ,08030,59
David,,Zappariello,616, Central Avenue,Minotola,NJ,08341,60
William,,Ruggieri,890, Harding Highway,Buena,NJ,08310,61
Barry,,Conaway,525, High Street,Burlington,NJ,08016-4503,62
E.,L.,Green,851, Old York Road,Burlington Township,NJ,08016,63
Alexander,,Rubenstein,10, Mansfield Drive,Stanhope,NJ,07874,65
Zachary,,Mullock,643, Washington Street,Cape May,NJ,08204-2397,69
Robert,J.,VMD,215, Lighthouse Avenue,Cape May Point,NJ,08212-0504,70
Robert,,Zimmermann,500, Madison Street,Carlstadt,NJ,07072,71
Kenneth,H.,Brown,303, Harding Highway,Carneys Point,NJ,08069,72
Daniel,,Reiman,61, Cooke Avenue,Carteret,NJ,07008-3046,73
Peter,H.,Tanella,525, Pompton Avenue,Cedar Grove,NJ,07009-1796,74
Thaddeus,J.,Kobylarz,54, Fairmount Avenue,Chatham,NJ,07928,75
Ashley,,Felice,58, Meyersville Road,Chatham,NJ,07928,76
Susan,,Angulo,820, Mercer Street,Cherry Hill,NJ,08002-2638,77
Jamila,,Odom-Bremmer,201, Grant Avenue,Chesilhurst,NJ,08089,78
Janet,G.,Hoven,50, North Road,Chester,NJ,07930,79
Lido,,Panfili,300, Bordentown-,Chesterfield,NJ,08515,81
Stephanie,,Kravil,1621, Riverton Road,Cinnaminson,NJ,08077,82
Salvatore,F.,Bonaccorso,430, Westfield Avenue,Clark,NJ,07066-1704,83
Thomas,,Bianco,125, North Delsea Drive,Clayton,NJ,08312-1698,84
Thomas,,Weaver,101, Gibbsboro Road,Clementon,NJ,08021,85
Thomas.Calabrese,,Thomas.Calabrese,525, Palisade Avenue,Cliffside Park,NJ,07010,86
James,,Anzaldi,900, Clifton Avenue,Clifton,NJ,07013,87
Janice,,Kovach,43, Leigh Street,Clinton,NJ,08809,88
Brain,,Mullay,1225, South,Lebanon,NJ,08833-0000,89
John,C.,Glidden,295, Closter Dock Road,Closter,NJ,07624-2645,90
M.,,Maley,678, Haddon Avenue,Collingswood,NJ,08108,91
J.P.,,Bartolomeo,124, Cedar Drive,Colts Neck,NJ,07722-1673,92
Mike,,Vizzard,1768, Main Street,Port Norris,NJ,08349-3348,93
Robert,,Schulte,316, Route ,Corbin City,NJ,08270,94
Barbara,,PhD,23,-A North Main Street,Cranbury,NJ,08512-3257,95
Kathleen,,Prunty,8, Springfield Avenue,Cranford,NJ,07016-0000,96
Benedict,,Romeo,67, Union Avenue,Cresskill,NJ,07626,97
Michael,L.,Templeton,770, Coopertown Road,Delanco,NJ,08075,100
Gary,,Catrambone,900, Chester Avenue,Delran,NJ,08075,102
Melinda,,Iannuzzi,118, Serpentine Road,Demarest,NJ,07627,103
Zeth,A.,Matalucci,571, Petersburg Road,Dennisville,NJ,08214-0204,104
Paul,,Medany,1011, Cooper Street,Deptford,NJ,08096,106
Carolyn,,Blackman,37, North Sussex Street,Dover,NJ,07801-0798,107
Robert,,Campbell,288, Main Street,Newport,NJ,08345-2131,108
Andrew,,Labruno,50, Washington Avenue,Dumont,NJ,07628,109
Jason,F.,Cilento,355, North Avenue,Dunellen,NJ,08812-1203,110
Tara,,Ramsey,1070,/,Ringoes,NJ,08551,112
Dale,L.,Archer,159, Democrat Road,Mickleton,NJ,08056-1232,114
Joseph,,Pannullo,411, Ridgedale Avenue,East Hanover,NJ,07936,115
Dina,M.,Grilo,34, Sherman Avenue,East Newark,NJ,07029-2718,116
Ted,R.,Green,44, City Hall Plaza,East Orange,NJ,07019,117
Janice,,Mironov,16, Lanning Boulevard,East Windsor,NJ,08520,119
Anthony,,Zeno,12, Manor House Court,Eastampton,NJ,08060-4379,120
Anthony,,Talerico,47, Broad Street,Eatontown,NJ,07724-1571,121
Michael,,Mcpartland,916, River Road,Edgewater,NJ,07020,122
Lauren,,Difilippo,400, Delanco Road,Edgewater Park,NJ,08010,123
Samip,,Joshi,100, Municipal Boulevard,Edison,NJ,08817,124
Lisa,,Jiampetti,500, London Avenue,Egg Harbor City,NJ,08215-1599,125
Paul,W.,Hodson,3515, Bargaintown Road,Egg Harbor Township,NJ,08234-8321,126
J.,,Bollwage,50, Winfield Scott Plaza,Elizabeth,NJ,07201,127
Carolyn,D.,Sammons,667, Whig Lane Road,Monroeville,NJ,08343-2826,128
Joseph,P.,Stemberger,120, South Main Street,Elmer,NJ,08318-0882,129
Robert,,Colletti,182, Market Street,Elmwood Park,NJ,07407-1407,130
Sean,,Elwell,619, Salem-Fort Elfsborg Road,Salem,NJ,08079,131
Michael,,Wildes,2, North Van Brunt Street,Englewood,NJ,07631,133
Mario,,Kranjac,10, Kahn Terrace,Englewood Cliffs,NJ,07632-2911,134
Thomas,,Reynolds,15, Main Street,Englishtown,NJ,07726,135
Edward,"A,.",Davis,255, Roseland Avenue,Essex Fells,NJ,07021-1312,136
Jaclyn,,Veasy,984, Tuckerton Road,Marlton,NJ,08053-2652,138
Bert,,Steinmann,2, Jake Garzio Drive,Ewing,NJ,08628,139
Joshua,,Halpern,748, River Road,Fair Haven,NJ,07704,140
Kurt,,Peluso,8, Fair Lawn Avenue,Fair Lawn,NJ,07410,141
James,,Gasparini,230, Fairfield Road,Fairfield,NJ,07004-2425,142
Vincent,,Bellucci,59, Anderson Avenue,Fairview,NJ,07022,144
Colleen,,Mahr,75, North Martine Avenue,Fanwood,NJ,07023,145
James,A.,Daly,11, Asbury Avenue,Farmingdale,NJ,07727-1202,147
David,R.,Hansell,204, Washington Street,Fieldsboro,NJ,08505-1100,148
Betsy,,Driver,38, Park Avenue,Flemington,NJ,08822-1321,149
Craig,H.,Wilkie,711, Broad Street,Florence,NJ,08518-2310,150
Mark,,Taylor,111, Ridgedale Avenue,Florham Park,NJ,07932-1799,151
Greg,,Schenker,1700, Twelfth Street,Folsom,NJ,08037-9141,152
Mark,,Sokolich,309, Main Street,Fort Lee,NJ,07024-4705,153
Emery,,Castimore,151, U.S. Highway ,Augusta,NJ,07822,154
John,M.,Iv,46, Main Street,Franklin,NJ,07416,155
Phil,,Koury,202, Sidney Road,Pittstown,NJ,08867,157
Mike,,Ferri,2093, Rt. ,Broadway,NJ,08808-0547,158
Phillip,,Kramer,475, DeMott Lane,Somerset,NJ,08873-7700,159
John,,Bruno,1571, Delsea Drive,Franklinville,NJ,08322,160
John,P.,Flora,443, Route ,Newton,NJ,07860-5158,161
Kevin,A.,Kane,51, West Main Street,Freehold,NJ,07728-2114,162
Keith,,Ramos,210, Main Street,Johnsonburg,NJ,07825-0000,164
Brad,,Myhre,29, Second Street,Frenchtown,NJ,08825-1131,165
Anthony,,Coppola,300, East Jimmie Leeds Road,Galloway,NJ,08205,166
Sara,,Todisco,403, South Avenue,Garwood,NJ,07027,168
Edward,,Campbell,49, Kirkwood Road,Gibbsboro,NJ,08026-1432,169
Stuart,,Patrick,825, Bloomfield Avenue,Glen Ridge,NJ,07028,172
Jim,,Arsdale,111, Greenbrook Road,Green Brook,NJ,08812-2501,176
Margaret,,Phillips,150, Kennedy Road,Tranquility,NJ,07879,177
Vincent,,Giovannitti,1000, Ye Greate Street,Greenwich,NJ,08323-0064,178
Robert,,Barsony,321, Greenwich Street,Stewartsville,NJ,08886,179
Vincent,,Giovannitti,420, Washington Street,Gibbstown,NJ,08027,180
Wayne,D.,Zitt,6808, Park Avenue,Guttenberg,NJ,07093,181
John,P.,Labrosse,65, Central Avenue,Hackensack,NJ,07601-4202,182
Gerald,,Dimaio,215, Stiger Street,Hackettstown,NJ,07840,183
Zachary,,Houck,625, Station Avenue,Haddon Heights,NJ,08035,184
Randall,,Teague,135, Haddon Avenue,Westmont,NJ,08108,185
Colleen,,Bezich,242, Kings Highway East,Haddonfield,NJ,08033,186
Domenick,,Stampone,510, Belmont Avenue,Haledon,NJ,07508,188
Paul,,Marino,16, Wallkill Avenue,Hamburg,NJ,07419-1414,189
Charles,,Cain,6101, Thirteenth Street,Mays Landing,NJ,08330-1859,190
Jeffrey,S.,Martin,2090, Greenwood Avenue,Hamilton,NJ,08650-0150,191
Stephen,,DiDonato,100, Central Avenue,Hammonton,NJ,08037,192
John,L.,Ferramosca,1000, Route ,Whippany,NJ,07981-0250,195
Timothy,,Jones,21, Blue Mill Road,New Vernon,NJ,07976-0666,196
Kevin,,Duffy,40, Spring Valley Road,Hardwick,NJ,07825-3324,197
Frank,,Cicerale,149, Wheatsworth Road,Hardyston,NJ,07419-2607,198
Brian,,Tipton,3003, Belvidere Road,Phillipsburg,NJ,08865,199
Paul,,Hoelscher,85, Harriot Avenue,Harrington Park,NJ,07640-1500,200
James,A.,Fife,318, Harrison Avenue,Harrison,NJ,07029-1752,201
Louis,,Manzo,114, Bridgeton Pike,Mullica Hill,NJ,08062,202
John,,Delorenzo,218, Boulevard,Hasbrouck Heights,NJ,07604-1920,204
Thomas,P.,Firence,300, Haworth Avenue,Haworth,NJ,07641,205
John,V.,Lane,445, Lafayette Avenue,Hawthorne,NJ,07506,206
Tara,,Corcoran-Clark,1766, Union Avenue,Hazlet,NJ,07730-0371,207
Christopher,,Slavicek,60, Main Street,Helmetta,NJ,08828,208
Michele,,Lee,71, Main Street,High Bridge,NJ,08829,209
Gayle,,Mittler,221, S. Fifth Avenue,Highland Park,NJ,08904-2608,210
Carolyn,,Broullon,171, Bay Avenue,Highlands,NJ,07732,211
Lawrence,,Quattrone,148, North Main Street,Hightstown,NJ,08520-3249,212
Shawn,,Lipani,379, South Branch Road,Hillsborough,NJ,08844,213
John,J.,Ruocco,380, Hillsdale Avenue,Hillsdale,NJ,07642,214
Michael,,Segeren,100, Wykagyl Road,Hi-Nella,NJ,08083,216
Ravi,S.,Bhalla,94, Washington Street,Hoboken,NJ,07030-4556,217
Thomas,,Randall,333, Warren Avenue,Ho-Ho-Kus,NJ,07423-1594,218
Daniel,,Bush,61, Church Road,Milford,NJ,08848,219
Michael,,Francis,111, River Styx Road,Hopatcong,NJ,07843,221
Paul,,Anzano,88, East Broad Street,Hopewell,NJ,08525-1820,223
Paul,J.,Ritter,590, Shiloh Pike,Bridgeton,NJ,08302-1492,224
Julie,,Blake,201, Washington Crossing-Pennington Road,Titusville,NJ,08560-1410,225
Theresa,,Berger,4567, North,Howell,NJ,07731,226
Robert,E.,Giordano,286,-B Route ,Great Meadows,NJ,07838,227
Michaelj.,,Nohilly,100, Grasmere Avenue,Interlaken,NJ,07712,228
Michael,,Reina,95, West Veterans Highway,Jackson,NJ,08527,231
Marlene,,Lowande,131, Perrineville Road,Jamesburg,NJ,08831-1672,232
Eric,F.,Wilsusen,1033, Weldon Road,Lake Hopatcong,NJ,07849,233
Steven,,Fulop,280, Grove Street,Jersey City,NJ,07302-3610,234
George,,Hoff,29, Church Street,Keansburg,NJ,07734-1441,235
Alberto,G.,Santos,402, Kearny Avenue,Kearny,NJ,07032,236
Linda,,Karlovitch,567, Boulevard,Kenilworth,NJ,07033-1696,237
Collette,J.,Kennedy,70, W Front Street,Keyport,NJ,07735-1241,238
James,J.,Freda,130, Kinnelon Road,Kinnelon,NJ,07405-2336,240
Tim,,McDonald,818, Lacey Road,Forked River,NJ,08731,242
Kevin,K.,O''Leary,33, Morris Farm Road,Lafayette,NJ,07848-4605,243
Kevin,,Higgins,1740, Main Street,Lake Como,NJ,07719,244
Harry,,Robbins,5, Union Avenue,Lakehurst,NJ,08733-3017,245
Andrew,J.,Nowick,18, York Street,Lambertville,NJ,08530-2038,247
Thomas,,Barbera,135, Broadway,Laurel Springs,NJ,08021-2006,248
Walter,,Lacicero,1306, Grand Central Avenue,Lavallette,NJ,08735-2336,249
Mary,,Wardlow,4, East Douglas Avenue,Lawnside,NJ,08045-1597,250
John,T.,Ryan,2207, Lawrence Road,Lawrenceville,NJ,08648,251
Joseph,A.,Miletta,357, Main Street,Cedarville,NJ,08311-0697,252
James,J.,Pittinger,6, High Street,Lebanon,NJ,08833,253
Michael,,Schmidt,530, West Hill Road,Glen Gardner,NJ,08826,254
Judah,,Zeigler,312, Broad Avenue,Leonia,NJ,07605,255
John,,Inscho,349, Mountain Lake Road,Great Meadows,NJ,07838-2355,256
David,,Runfeldt,34, Chapel Hill Road,Lincoln Park,NJ,07035,257
Derek,,Armstead,301, North Wood Avenue,Linden,NJ,07036-4296,258
Richard,E.,Roach,2001, Egg Harbor Road,Lindenwold,NJ,08021,259
Darren,,Matik,400, Poplar Avenue,Linwood,NJ,08221,260
John,P.,Kehm,665, Radio Road,Little Egg Harbor,NJ,08087-1885,261
James,,Damiano,225, Main Street,Little Falls,NJ,07424,262
Mauro,,Raguseo,215, Liberty Street,Little Ferry,NJ,07643,263
Robert,,Neff,480, Prospect Avenue,Little Silver,NJ,07739,264
Edward,,Meinhardt,357, South Livingston Avenue,Livingston,NJ,07039,265
Paul,V.,Fernicola,550, Main Street,Loch Arbour,NJ,07711,266
Frank,,Minor,125, Main Street,Bridgeport,NJ,08014,268
JJoseph,H.,Mancini,6805, Long Beach Boulevard,Brant Beach,NJ,08008,269
John,,Pallone,344, Broadway,Long Branch,NJ,07740,270
Matthew,,Dorsi,915, Valley Road,Gillette,NJ,07933,271
Nicholas,,Russo,2305, Atlantic Avenue,Longport,NJ,08403,272
James,E.,Mengucci,232, South Third Street,Phillipsburg,NJ,08865,273
Frank,,Sippel,2600, Bayshore Road,Villas,NJ,08251-1397,275
Gina,,LaPlaca,35, Municipal Drive,Lumberton,NJ,08048-4516,276
Robert,B.,Giangeruso,367, Valley Brook Avenue,Lyndhurst,NJ,07071-1810,277
Bettyann,,Cowling-Carson,438, West Evesham Avenue,Magnolia,NJ,08049,279
James,,Wysocki,475, Corporate Drive,Mahwah,NJ,07430,280
Susan,,Cohen,120, Route ,Manalapan,NJ,07726-3417,281
Edward,,Donovan,201, East Main Street,Manasquan,NJ,08736-3004,282
Donald,C.,Asay,491, Route ,Mannington,NJ,08079,284
Joseph,,Watters,100, Port Murray Road,Port Murray,NJ,07865-4020,285
E.,,White,202, Downer Avenue,Mantoloking,NJ,08738-0247,287
Peter,,Scirrotto,401, Main Street,Mantua,NJ,08051,288
Richard,,Onderko,325, North Main Street,Manville,NJ,08835-1346,289
Claire,B.,Volpe,200, Stiles Avenue,Maple Shade,NJ,08052,290
Dean,,Dafis,574, Valley Street,Maplewood,NJ,07040-2669,291
Jonathan,,Hornik,1979, Township Drive,Marlboro,NJ,07746,293
Joseph,,Altomonte,201, Broad Street,Matawan,NJ,07747,294
Glenn,,Ewan,590, Main Street,Leesburg,NJ,08327,295
Richard,,Bolan,15, Park Avenue,Maywood,NJ,07607-2015,296
Robert,,Hanold,1, Cabin Circle,Medford Lakes,NJ,08055-2750,297
Charles,,Watson,17, North Main Street,Medford,NJ,08055-2411,298
Christine,,Serrano-Glassner,2, West Main Street,Mendham,NJ,07945,299
Jonathan,M.,Busch,500, Main St.,Metuchen,NJ,08840,302
Timothy,C.,Donohue,33, Mechanic Street,Cape May Court House,NJ,08210,303
John,,Madden,1200, Mountain Avenue,Middlesex,NJ,08846,304
Harry,,Shortway,280, Godwin Avenue,Midland Park,NJ,07432,306
Maggee,,Miggins,375, Millburn Avenue,Millburn,NJ,07041,308
Raymond,,Heck,1353, Main Street,Millstone,NJ,08844,309
Trina,,Mehr,39, Washington Avenue,Milltown,NJ,08850,311
Lisa,M.,Orndorf,12, South High Street,Millville,NJ,08332,312
Sam,,Morris,10, Baker Street,Mine Hill,NJ,07803,313
David,F.,Stickle,22, Beach Road,Monmouth Beach,NJ,07750,314
Richard,,Dilucia,125, Virginia Avenue,Williamstown,NJ,08094,315
Richard,E.,Innella,277, Clove Road,Montague,NJ,07827-3122,317
Sean,M.,Spiller,205, Claremont Avenue,Montclair,NJ,07042-3401,318
Devra,,Keenan,2261, Van Horne Road,Belle Mead,NJ,08502-4012,319
Michael,N.,Ghassali,12, Mercedes Drive,Montvale,NJ,07645-1847,320
Frank,,Cooney,195, Changebridge Road,Montville,NJ,07045-8934,321
Dennis,,Vaccaro,70, Moonachie Road,Moonachie,NJ,07074,322
Nicole,,Gillespie,2, Executive Drive,Moorestown,NJ,08057-2480,323
Jason,C.,Karr,531, Speedwell Avenue,Morris Plains,NJ,07950,324
Peter,V.,Mancuso,50, Woodland Avenue,Convent Station,NJ,07961-6075,325
Timothy,P.,Dougherty,200, South Street,Morristown,NJ,07963-0914,326
Michael,,Stanzilis,419, Howard Boulevard,Mount Arlington,NJ,07856-1004,327
Joseph,,Wolk,121, South Black Horse Pike,Mount Ephraim,NJ,08059-1721,328
Jason,,Jones,23, Washington Street,Mount Holly,NJ,08060,329
Kareem,,Pritchett,100, Mount Laurel Road,Mount Laurel,NJ,08054,330
Thomas,,Menard,400, Boulevard,Mountain Lakes,NJ,07046-1527,332
Paul,N.,Mirabelli,1385, Route ,Mountainside,NJ,07092-2605,333
Bruce,,Crowe,4528, White Horse Pike,Elwood,NJ,08217,334
Mark,,Cooper,7, South Grove Avenue,National Park,NJ,08063,335
Andrew,,Wardell,106, West Sylvania Avenue,Neptune City,NJ,07753-6428,336
Joseph,A.,Nametko,23, Maple Avenue,Netcong,NJ,07857,338
Michael,,Putrino,930, River Road,New Milford,NJ,07646-3043,341
Allen,,Morgan,360, Elkwood Avenue,New Providence,NJ,07974,342
Ras,J.,Baraka,920, Broad Street,Newark,NJ,07102,343
Donald,,Sullivan,18, Catawba Avenue,Newfield,NJ,08344,344
Jason,J.,Schlaffer,39, Trinity Street,Newton,NJ,07860-1823,345
Daniel,H.,Pronti,214, Ridge Road,North Arlington,NJ,07031-6036,346
Nicholas,,Sacco,4233, Kennedy Boulevard,North Bergen,NJ,07047-2779,347
Francis,,Womack,710, Hermann Road,North Brunswick,NJ,08902,348
Randy,,George,103, Overlook Avenue,North Haledon,NJ,07508,350
Ronald,,Debaecke,41, Schoolhouse Road,Jacobstown,NJ,08562-2106,351
Lawrence,,Ronde,263, Somerset Street,North Plainfield,NJ,07060-4895,352
Patrick,T.,Rosenello,901, Atlantic Avenue,North Wildwood,NJ,08260,353
Erland,,Chau,1600, Shore Road,Northfield,NJ,08225-2201,354
Patrick,,Marana,116, Paris Avenue,Northvale,NJ,07647,355
James,,Barsa,455, Broadway,Norwood,NJ,07648,356
Linda,H.,Schwager,500, White Horse Pike,Oaklyn,NJ,08107,359
Jay,A.,Gillian,861, Asbury Avenue,Ocean City,NJ,08226,360
Paul,,Kennedy,151, East Longport Avenue,Ocean Gate,NJ,08740,361
Ben,,LoParo,50, Railroad Avenue,Waretown,NJ,08758,362
Christopher,P.,Siciliano,399, Monmouth Road,Oakhurst,NJ,07755-1550,363
John,,Ii,222, Monmouth Boulevard,Oceanport,NJ,07757,364
George,P.,Hutnick,14, Highland Avenue,Ogdensburg,NJ,07439-1254,365
John,M.,Kramer,227, Old Tappan Road,Old Tappan,NJ,07675,367
Dianne,,Didio,355, Kinderkamack Road,Oradell,NJ,07649,369
Dwayne,D.,Warren,29, North Day Street,Orange,NJ,07050,370
Linda,,Koufodontes,11, Green Street,Oxford,NJ,07863,371
Christopher,J.,Chung,275, Broad Avenue,Palisades Park,NJ,07650,372
Gina,,Tait,20, West Broad Street,Palmyra,NJ,08065,373
Richard,,LaBarbiera,1, Jockish Square,Paramus,NJ,07652-2728,374
Keith,,Misciagna,55, Park Avenue,Park Ridge,NJ,07656,375
James,,Barberio,1001, Parsippany Boulevard,Parsippany,NJ,07054-1277,376
Hector,C.,Lora,330, Passaic Street,Passaic,NJ,07055-5815,377
Andre,,Sayegh,125,st Floor,Paterson,NJ,07505-1414,378
Gary,,Stevenson,1211, Delaware Street,Paulsboro,NJ,08066,379
David,A.,Patriarca,50, Egbert Street,Pemberton,NJ,08068-0261,381
David,A.,Patriarca,500, Pemberton-Browns Mills Rd.,Pemberton,NJ,08068-1539,382
Joseph,,Lawver,30, North Main Street,Pennington,NJ,08534,383
Jessica,,Raseh,5605, North Crescent Boulevard,Pennsauken,NJ,08110,385
Robert,E.,McDade,90, North Broadway,Pennsville,NJ,08070-1750,386
Kyle,,Russell,530, Newark Pompton Turnpike,Pompton Plains,NJ,07444-1744,387
Todd,M.,Tersigni,675, Corliss Avenue,Phillipsburg,NJ,08865-1698,389
Kevin,,Eachus,1180, Route ,Pilesgrove,NJ,08098,390
Lawrence,W.,Cuneo,499, Pennsylvania Avenue,Pine Beach,NJ,08741,391
Christopher,,Green,45,th Avenue,Pine Hill,NJ,08021-6399,392
Brian,C.,Wahler,455, Hoes Lane,Piscataway,NJ,08854,394
Michael,,Razze,110, South Broadway,Pitman,NJ,08071,395
Fiore,J.,Copare,989, Centerton Road,Pittsgrove,NJ,08318-3031,396
Adrian,O.,Mapp,515, Watchung Avenue,Plainfield,NJ,07060-1720,397
Peter,A.,Cantu,641, Plainsboro Road,Plainsboro,NJ,08536,398
Judy,M.,Ward,18,st Street,Pleasantville,NJ,08232-2604,399
Robert,W.,Bowen,121, Evergreen Road,New Egypt,NJ,08533-1207,400
David,S.,Slack,50, Municipal Drive,Phillipsburg,NJ,08865,401
Paul,M.,Kanitra,416, New Jersey Avenue,Point Pleasant Beach,NJ,08742,402
Robert,,Sabosik,2233, Bridge Avenue,Point Pleasant,NJ,08742-4998,403
Michael,,Serra,25, Lenox Avenue,Pompton Lakes,NJ,07442-1729,404
Gary,,Giberson,143, Main Street,Port Republic,NJ,08241,405
Mark,,Freda,400, Witherspoon Street,Princeton,NJ,08540-3400,406
Mohamed,T.,Khairullah,106, Brown Avenue,Prospect Park,NJ,07508-2041,407
Marjorie,,Sperry,885, Quinton Road,Quinton,NJ,08072-0065,408
Deirdre,A.,Dillon,33, North Central Avenue,Ramsey,NJ,07446-1807,410
Mary,,Potter,502, Millbrook Avenue,Randolph,NJ,07869,411
Zachary,,Bray,22, First Street,Raritan,NJ,08869-1809,412
Juergen,,Huelsebusch,509, Route ,Whitehouse Station,NJ,08889,414
Pasquale,,Menna,90, Monmouth Street,Red Bank,NJ,07701,415
John,H.,Anlian,604, Broad Avenue,Ridgefield,NJ,07657,416
John,H.,Anlian,234, Main Street,Ridgefield Park,NJ,07660-2500,417
Ramopn,,Hache,131, North Maple Avenue,Ridgewood,NJ,07450-3236,418
James,,Martocci,60, Margaret King Avenue,Ringwood,NJ,07456-1703,419
Thomas,R.,Papaleo,705, Kinderkamack Road,River Edge,NJ,07661,420
Glen,J.,Jasonowski,406, Rivervale Road,River Vale,NJ,07675,421
Paul,M.,Carelli,91, Newark Pompton Turnpike,Riverdale,NJ,07457,422
Corey,,Kimble,237, S. Pavilion Avenue,Riverside,NJ,08075,423
Suzanne,,Cairns-Wells,505,A Howard Street,Riverton,NJ,08077,424
David,,Fried,2298, Route ,Robbinsville,NJ,08691,425
Perrin,,Mosca,151, West Passaic Street,Rochelle Park,NJ,07662-3105,426
Joe,,Jackson,65, Mount Hope Road,Rockaway,NJ,07866,428
Robert,R.,Schaffer,26, Rockleigh Road,Rockleigh,NJ,07647-2706,429
Donald,,Shaw,210, Chestnut Street,Roselle,NJ,07203-1218,433
Joseph,,Signorello,110, East Westfield Avenue,Roselle Park,NJ,07204,434
Jim,,Rilee,1715, Route ,Ledgewood,NJ,07852-9726,435
Nick,,Kappatos,24, North Black Horse Pike,Runnemede,NJ,08078,437
Frank,,Nunziato,176, Park Avenue,Rutherford,NJ,07070-2310,438
Robert,D.,White,93, Market Street,Saddle Brook,NJ,07663-4899,439
Albert,J.,Kurpis,100, East Allendale Road,Saddle River,NJ,07458-3040,440
Charles,,Washington,17, New Market Street,Salem,NJ,08079-1408,441
George,B.,Harper,133, Route ,Branchville,NJ,07851,442
Victoria,,Kilpatrick,167, Main Street,Sayreville,NJ,08872,443
Joshua,,Losardo,430, Park Avenue,Scotch Plains,NJ,07076,444
Brian,P.,Kelly,1167, Ocean Avenue,Sea Bright,NJ,07760-2286,445
F.,,Farrell,321, Baltimore Blvd.,Sea Girt,NJ,08750-2604,446
Leonard,,Desiderio,4416, Landis Avenue,Sea Isle City,NJ,08243-1831,447
Anthony,,Yaz,901, Boulevard,Seaside Heights,NJ,08751-2127,448
Michael,,Gonnelli,1203, Paterson Plank Road,Secaucus,NJ,07094,450
Timothy,,Gimbel,105, Willow Grove Road,Shamong,NJ,08088,451
Brad,E.,Campbell,900, Main Street,Shiloh,NJ,08353,452
William,,Huelsenbeck,1621, Long Beach Boulevard,Ship Bottom,NJ,08008,453
Erik,,Anderson,419, Sycamore Avenue,Shrewsbury,NJ,07702,454
Lester,J.,Jennings,1979, Crawford Street,Shrewsbury Township,NJ,07724-2964,455
Gary,J.,Passanante,105, Kennedy Boulevard,Somerdale,NJ,08083-1018,456
Victoria,,Kilpatrick,25, West End Avenue,Somerville,NJ,08876,458
Fred,,Henry,140, North Broadway,South Amboy,NJ,08879-1647,459
Caryl,A.,Shoffner,12, Main Street,South Bound Brook,NJ,08880-1407,460
Charles,,Carley,540, Ridge Road,Monmouth Junction,NJ,08852-0190,461
Frank,,Cagas,227, Phillips Avenue,South Hackensack,NJ,07606,462
Matthew,,Anesh,2480, Plainfield Avenue,South Plainfield,NJ,07080-3531,465
John,,Krenzel,48, Washington Street,South River,NJ,08882-1247,466
Gregory,,Handshy,144, Mill Street,South Toms River,NJ,08757,467
Michael,,Mikulski,5, Retreat Road,Southampton,NJ,08088-3514,468
Molly,,Whilesmith,65, Main Street,Sparta,NJ,07871-1903,469
Jacqueline,,Palmer,77, Summerhill Road,Spotswood,NJ,08884,470
Jennifer,,Naughton,423, Warren Avenue,Spring Lake,NJ,07762,471
Christopher,M.,Campion,555, Brighton Avenue,Spring Lake Heights,NJ,07762-2093,472
Denis,,Mcdaniel,100, Mountain Avenue,Springfield,NJ,07081,474
Gregory,E.,Myhre,260, East Bay Avenue,Manahawkin,NJ,08050-3329,475
Patricia,,Zdichocki,77, Main Street,Stanhope,NJ,07874-2626,476
George,E.,Scott,964, Stillwater Road,Newton,NJ,07860,477
Timothy,,Nemeth,2, South Main Street,Stockton,NJ,08559-0377,478
Judith,M.,Davies-Dunhour,9508, Second Avenue,Stone Harbor,NJ,08247,479
Dale,,Cruzan,474, Macanippuck Road,Bridgeton,NJ,08302,480
Josh,,Keenan,307, Union Avenue,Stratford,NJ,08084,481
Nora,G.,Radest,512, Springfield Avenue,Summit,NJ,07901-2607,482
Francis,,Hodgson,813, Long Beach Boulevard,Surf City,NJ,08008,483
Edward,,Meyer,2, Main Street,Sussex,NJ,07461-2305,484
Thomas,,Fromm,1500, Kings Highway,Swedesboro,NJ,08085-1286,485
Samuel,R.,III,163, Carranza Road,Tabernacle,NJ,08088,486
Dr.,,Dunleavy,818, Teaneck Road,Teaneck,NJ,07666-4599,488
Mark,,Zinna,100, Riveredge Road,Tenafly,NJ,07670-2016,489
John,P.,Watt,510, West,Teterboro,NJ,07608,490
Andrea,,Maranca,169, Old Turnpike Road,Califon,NJ,07830,491
Vito,P.,Perillo,556, Tinton Avenue,Tinton Falls,NJ,07724,492
Maurice,,Hill,33, Washington Street,Toms River,NJ,08754,493
John,,Coiro,537, Totowa Road,Totowa,NJ,07512,494
Reed,,Gusciora,319, East State Street,Trenton,NJ,08608,495
Susan,,Marshall,140, East Main Street,Tuckerton,NJ,08087-2618,496
Brian,,Stack,3715, Palisade Avenue,Union City,NJ,07087,498
David,M.,DeGiralamo,140, Perryville Road,Hampton,NJ,08827,500
LoriSue,H.,Mount,314, Route ,Cream Ridge,NJ,08514,502
Jack,,Cimprich,431, Route ,Elmer,NJ,08318-2756,503
Joanne,L.,Minichetti,376, West Saddle River Road,Upper Saddle River,NJ,07458,504
Howard,,Burrell,21, Church Street,Vernon,NJ,07462-0343,507
Alex,,Roman,600, Bloomfield Avenue,Verona,NJ,07044,508
David,,Holeman,337, South Salem Street,Dover,NJ,07801,509
Anthony,R.,Fanucci,640, East Wood Street,Vineland,NJ,08362-1508,510
Michael,,Mignogna,620, Berlin Road,Voorhees,NJ,08043-1493,511
Thomas,,Giordano,63, Franklin Turnpike,Waldwick,NJ,07463,512
Kevin,P.,Orender,2700, Allaire Road,Wall,NJ,07719-9570,513
Melissa,,Dabal,24, Union Boulevard,Wallington,NJ,07057,514
Victor,J.,Maglio,9, Main Street,Walpack,NJ,07881-0000,515
Daniel,,Mahler,579, Ringwood Avenue,Wanaque,NJ,07465,516
Victor,J.,Sordillo,46, Mountain Boulevard,Warren,NJ,07059,518
David,,Higgins,100, Belvidere Avenue,Washington,NJ,07882-1417,519
Robert,J.,Klingel,211, North,Washington,NJ,07882,520
Matthew,T.,Murello,43, Schooley's Mountain Road,Long Valley,NJ,07853-3199,521
Daniel,,James,1018, River Road,Egg Harbor,NJ,08215-4707,522
Peter,,Calamari,350, Hudson Avenue,Washington Township,NJ,07675-4731,524
Keith,S.,Balla,15, Mountain Boulevard,Watchung,NJ,07069,525
Andrew,,Wade,2131, Auburn Avenue,Atco,NJ,08004,526
Christopher,P.,Vergano,475, Valley Road,Wayne,NJ,07470,527
Richard,F.,Turner,400, Park Avenue,Weehawken,NJ,07087,528
James,,Cally,150, Rocktown-Lambertville Road,Lambertville,NJ,08530-3203,530
Joseph,,Tempesta,30, Clinton Road,West Caldwell,NJ,07006-6704,531
Carol,,Sabo,732, Broadway,West Cape May,NJ,08204-1214,532
Janet,,Tucci,965, Broadway,West Long Branch,NJ,07764-1504,534
Michele,,Dale,1480, Union Valley Road,West Milford,NJ,07480-1338,535
Gabriel,,Rodriguez,428,th Street,West New York,NJ,07093-2222,536
Matthew,J.,Ksiazek,701, West Glenwood Avenue,West Wildwood,NJ,08260-2221,538
Hemant,,Marathe,271, Clarksville Road,West Windsor,NJ,08550-5333,539
Sandy,,Henley,710, Rancocas Road,Westampton,NJ,08060-5642,540
Michelle,,Brindle,425, East Broad Street,Westfield,NJ,07090,541
Russell,,Welsh,165, Broadway,Westville,NJ,08093-1148,542
Ray,,Arroyo,101, Washington Avenue,Westwood,NJ,07675,543
Kenneth,R.,Haeser,45, South Jersey Avenue,Dorothy,NJ,08317,544
William,,Chegwidden,10, Robert Street,Wharton,NJ,07885,545
Jeff,,Herb,555, County Route ,Belvidere,NJ,07823,546
Peter,,Byron,4400, New Jersey Avenue,Wildwood,NJ,08260-1729,547
Donald,,Cabrera,6101, Pacific Avenue,Wildwood Crest,NJ,08260,548
Tiffani,,Worthy,1, Salem Road,Willingboro,NJ,08046,549
Robert,F.,Reilly,12, Gulfstream Avenue,Winfield,NJ,07036-6608,550
Barry,M.,Wright,125, South Route ,Braddock,NJ,08037-9422,551
William,,Pikolycky,501, Washington Avenue,Woodbine,NJ,08270,552
Peg,,Sickel,33, Delaware Street,Woodbury,NJ,08096,554
Robbie,J.,Conley,500, Elm Avenue,Woodbury Heights,NJ,08097,555
Carlos,,Rendo,188, Pascack Road,Woodcliff Lake,NJ,07677-7921,556
Keith,,Kazmark,5, Brophy Lane,Woodland Park,NJ,07424-2945,557
William,,Degroff,3943, Route ,Chatsworth,NJ,08019,558
Joseph,,Chukwueke,200, Cooper Avenue,Woodlynne,NJ,08107-2108,559
Paul,,Sarlo,85, Humboldt Street,Wood-Ridge,NJ,07075-2344,560
Craig,,Frederick,120, Village Green Drive,Woolwich Township,NJ,08085-3180,562
Donald,,Cottrell,21, Saylors Pond Road,Wrightstown,NJ,08562,563
